[
  {
    "id": 4,
    "title": "test",
    "status": "to-do"
  },
  {
    "id": 5,
    "title": "next update",
    "status": "in-progress"
  },
  {
    "id": 6,
    "title": "test",
    "status": "to-do"
  },
  {
    "id": 7,
    "title": "test new ..",
    "status": "done"
  },
  {
    "id": 8,
    "title": "test new ..",
    "status": "done"
  },
  {
    "id": 9,
    "title": "test",
    "status": "in-progress"
  },
  {
    "id": 10,
    "title": "test from lab11",
    "status": "to-do"
  },
  {
    "id": 11,
    "title": "test",
    "status": "done"
  },
  {
    "id": 12,
    "title": "test",
    "status": "done"
  },
  {
    "id": 13,
    "title": "Hello test",
    "status": "done"
  },
  {
    "id": 14,
    "title": "from test lab",
    "status": "to-do"
  },
  {
    "id": 15,
    "title": "Buy milk",
    "status": "to-do"
  },
  {
    "id": 16,
    "title": "play piano",
    "status": "to-do"
  }
]